,brand,ahri_num,zones,outdoor_model,indoor_model,hspf,in_pwr_5F_max,capacity_5F_max,in_pwr_47F_min,cop_5F_max,cop_17F_max,cop_47F_max
0,Acd,202110483,Single,UHD09KCH38S-O,UHD09KCH38S-I,15.0,1.82,12977.0,0.2,2.089661140324176,2.4056524740280896,2.6571777013333335
1,Acd,201863350,Single,OCD09KCH23S-O,OCD09KCH23S-I,10.5,1.33,9171.0,0.16,2.02086825787218,2.183095854335484,2.605076177777778
2,Acd,202110500,Multi,MPD30KCH21S-O,Non-Ducted Indoor Units,11.5,3.01,19356.0,1.05,1.8846125019667774,3.1260914133333335,3.584756853954717
3,Acd,202110494,Multi,MPD18KCH22S-O,Non-Ducted Indoor Units,11.0,2.3,13450.0,0.75,1.7138286484782608,2.4152590693467335,2.365502207857143
4,Acd,202132789,Single,UHD24KCH22S-O,UHD24KCH22S-I,12.0,3.2,22553.0,0.38,2.0655099505343752,2.277196896866864,2.534668713513513
5,Acd,202110485,Single,UHD18KCH25S-O,UHD18KCH25S-I,12.0,3.1,21500.0,0.32,2.032589679032258,2.1064483156250002,2.309044793939394
6,Acd,202110484,Single,UHD12KCH31S-O,UHD12KCH31S-I,14.0,0.86,8000.0,0.25,2.7262425116279068,2.6376396300000002,3.4252681306249997
7,Acd,202110497,Multi,MPD24KCH21S-O,Non-Ducted Indoor Units,11.0,2.97,18356.0,0.95,1.8113173605791246,3.0227061031390137,2.254392846153846
8,Acd,201863352,Single,OCD18KCH20S-O,OCD18KCH20S-I,10.5,2.6,16500.0,0.58,1.8598740980769228,2.141673203846154,2.648911594230769
9,Acd,201863351,Single,OCD12KCH22S-O,OCD12KCH22S-I,11.0,1.28,8800.0,0.21,2.01486360625,2.395746642373134,2.9307106999999997
10,Acd,202110503,Multi,MPD36KCH21S-O,Non-Ducted Indoor Units,11.5,3.12,21356.0,1.25,2.0060339009358974,2.7320184491525423,3.610961216922222
11,Acd,201863353,Single,OCD24KCH20S-O,OCD24KCH20S-I,10.0,3.32,22862.0,0.46,2.018129759740964,1.903744208171745,3.052316953112033
36,American Standard,7151530,Single,4TXK2709A10N0AA,4MXW2709A10N0AA,10.0,1.095,8000.0,0.1,2.141158502283105,2.4736350115698684,2.579025416
37,American Standard,7151532,Single,4TXK2712A10NAA,4MXW2712A10N0AA,10.0,1.131,8300.0,0.1,2.150742600353669,2.5244735732673265,3.0392555407407404
38,American Standard,7151534,Single,4TXK2718A10N0AA,4MXW2718A10N0AA,10.0,2.29,15400.0,0.4,1.970870951091703,2.2435331638832685,2.7199339864559997
71,American Standard,9150122,Single,4TXK3809A10NUAA,4MXW3809A10NUAA,15.0,1.72,12210.0,0.2,2.0804638166860463,2.402110843462358,2.6571777013333335
72,American Standard,9150124,Single,4TXK3812A10NUAA,4MXW3812A10NUAA,14.0,1.79,13304.0,0.25,2.1782220755754187,2.6376396300000002,3.4252681306249997
73,American Standard,9150126,Single,4TXK3818A10NUAA,4MXW3818A10NUAA,12.0,3.3,20634.0,0.35,1.8324934722363637,2.083058989846154,2.8603736432
74,American Standard,9150128,Single,4TXK3824A10NUAA,4MXW3824A10NUAA,12.0,3.175,24233.0,0.38,2.2368476344283463,2.2765233692428275,2.5663520724324322
111,American Standard/Mitsubishi Electric,202102459,Single,MUFZ-KJ09NAHZ,MFZ-KJ09NA,13.0,1.6,11000.0,0.27,2.01,2.11,2.35
112,American Standard/Mitsubishi Electric,202102460,Single,MUFZ-KJ12NAHZ,MFZ-KJ12NA,12.0,1.81,13000.0,0.27,2.1,2.29,2.8
113,American Standard/Mitsubishi Electric,202102461,Single,MUFZ-KJ15NAHZ,MFZ-KJ15NA,11.6,2.83,18000.0,0.7,1.8640562756183747,1.928099144736842,2.1486148826979474
114,American Standard/Mitsubishi Electric,202102462,Single,MUFZ-KJ18NAHZ,MFZ-KJ18NA,11.3,3.0,21000.0,0.48,2.05,2.1,2.48
115,American Standard/Mitsubishi Electric,202102465,Single,MUZ-FH06NA,MSZ-FH06NA,13.5,0.91,8700.0,0.11,2.8,3.13,3.23
116,American Standard/Mitsubishi Electric,202102466,Single,MUZ-FH06NAH,MSZ-FH06NAH,12.5,1.04,8700.0,0.11,2.45,2.78,3.23
117,American Standard/Mitsubishi Electric,202102467,Single,MUZ-FH09NA,MSZ-FH09NA,13.5,1.35,10900.0,0.11,2.32,2.48,3.59
118,American Standard/Mitsubishi Electric,202102468,Single,MUZ-FH09NAH,MSZ-FH09NAH,12.5,1.17,10900.0,0.11,2.73,2.84,4.15
119,American Standard/Mitsubishi Electric,202102469,Single,MUZ-FH12NA,MSZ-FH12NA,12.5,1.8,13600.0,0.28,2.21,2.1,2.68
120,American Standard/Mitsubishi Electric,202102470,Single,MUZ-FH12NAH,MSZ-FH12NAH,11.5,1.93,13600.0,0.28,2.07,1.96,2.68
121,American Standard/Mitsubishi Electric,202102471,Single,MUZ-FH15NA,MSZ-FH15NA,12.0,2.95,18000.0,0.43,1.79,2.13,2.09
122,American Standard/Mitsubishi Electric,202102472,Single,MUZ-FH15NAH,MSZ-FH15NA,11.0,2.98,18300.0,0.61,1.799731738590604,1.7619153613095238,2.0859764394117644
123,American Standard/Mitsubishi Electric,202102473,Single,MUZ-FH18NA2,MSZ-FH18NA2,12.0,2.96,20300.0,0.43,2.01,2.12,2.59
124,American Standard/Mitsubishi Electric,202102474,Single,MUZ-FH18NAH2,MSZ-FH18NA,11.0,2.98,20900.0,0.85,2.0554313298657716,2.1007749265486724,2.6204001552941176
125,American Standard/Mitsubishi Electric,202102475,Single,MUZ-GL09NA-U1,MSZ-GL09NA-U1,12.8,0.85,8000.0,0.23,2.7583159529411763,2.8201178433962264,3.7278640104
126,American Standard/Mitsubishi Electric,202102476,Single,MUZ-GL12NA-U1,MSZ-GL12NA-U1,12.5,1.02,10200.0,0.11,2.9307106999999997,2.8361716451612904,3.2744360290123455
127,American Standard/Mitsubishi Electric,202102477,Single,MUZ-GL15NA-U1,MSZ-GL15NA-U1,11.7,1.57,14100.0,0.2,2.6320395458598727,2.39122664079602,3.0473559019900494
128,American Standard/Mitsubishi Electric,202102478,Single,MUZ-GL18NA-U1,MSZ-GL18NA-U1,11.2,1.88,15100.0,0.32,2.3539218920212766,2.480880685581395,2.9307107
129,American Standard/Mitsubishi Electric,202102479,Single,MUZ-GL24NA-U1,MSZ-GL24NA-U1,10.0,2.99,20200.0,0.52,1.979945021404682,2.191352073556231,2.9628280775342466
130,American Standard/Mitsubishi Electric,202102443,Multi,MXZ-2C20NA2,Non-Ducted Indoor Units,10.0,1.6,11100.0,0.67,2.033180548125,2.595772334285714,3.0441190570264767
131,American Standard/Mitsubishi Electric,202102446,Multi,MXZ-3C24NAHZ2,Non-Ducted Indoor Units,10.0,3.82,25000.0,0.93,1.92,2.06,4.25
132,American Standard/Mitsubishi Electric,202102448,Multi,MXZ-3C30NAHZ2,Non-Ducted Indoor Units,11.0,4.79,28600.0,0.93,1.75,2.0,4.0
133,American Standard/Mitsubishi Electric,202102450,Multi,MXZ-4C36NAHZ,Non-Ducted Indoor Units,11.3,5.46,45000.0,1.09,2.41,2.78,3.95
134,American Standard/Mitsubishi Electric,202106831,Multi,MXZ-4C36NAHZ,Mixed,10.7,6.21,45000.0,1.3,2.16,2.47,3.48
135,American Standard/Mitsubishi Electric,202102452,Multi,MXZ-5C42NAHZ,Non-Ducted Indoor Units,11.0,5.61,48000.0,1.17,2.51,2.89,4.1
136,American Standard/Mitsubishi Electric,202102455,Multi,MXZ-8C60NA-U*,Non-Ducted Indoor Units,10.5,8.1,57000.0,1.053,2.062351974074074,1.999960057742782,3.41140928042328
137,American Standard/Mitsubishi Electric,202102440,Multi,PUMY-P36NKMU*,Ducted indoor units,10.5,3.9,30000.0,0.671,2.254392846153846,2.573306956097561,3.599118403508772
138,American Standard/Mitsubishi Electric,202102456,Multi,PUMY-P36NKMU*,Non-Ducted Indoor Units,11.5,3.695,29000.0,0.62,2.300151834912043,2.700049341932087,3.8952483987341773
139,American Standard/Mitsubishi Electric,202106837,Multi,PUMY-P36NKMU*,Mixed,11.0,3.798,29000.0,0.646,2.237772783043707,2.633929869620253,3.7413328085106383
140,American Standard/Mitsubishi Electric,202102457,Multi,PUMY-P48NKMU*,Non-Ducted Indoor Units,11.7,4.849,36400.0,0.784,2.1999973083109916,2.4999119242213848,3.7997209555822327
141,American Standard/Mitsubishi Electric,202102458,Multi,PUMY-P60NKMU*,Non-Ducted Indoor Units,11.4,8.353,57000.0,1.027,1.9998863869268526,2.299845412290233,3.49777407233273
142,American Standard/Mitsubishi Electric,202102497,Single,PUZ-A24NHA7***,PLA-A24EA7,11.2,1.4,13000.0,0.45,2.7213742214285714,2.5605156642105262,4.105826584541062
143,American Standard/Mitsubishi Electric,202102507,Single,PUZ-A36NKA7***,PLA-A36EA7,10.4,2.6,21600.0,0.94,2.4347442738461536,2.34456856,4.075822827814569
145,American Standard/Mitsubishi Electric,202102522,Single,PUZ-HA36NHA5,PLA-A36BA*,10.0,5.79,38000.0,1.19,1.92,2.12,3.14
147,American Standard/Mitsubishi Electric,202102531,Single,SUZ-KA12NA,SEZ-KD12NA,10.0,0.9,7400.0,0.34,2.4096954644444444,2.63763963,3.162082597368421
148,American Standard/Mitsubishi Electric,202102538,Single,SUZ-KA18NA,SEZ-KD18NA,10.0,1.32,9900.0,0.26,2.198033025,2.4422589166666664,3.394171926976744
149,Arcoaire,201835506,Single,DLCPRAH09AAK,DLFPHAH09XAK,14.5,1.936,13047.0,0.159,1.9750507491167355,2.106303820027842,2.9483885528326437
150,Arcoaire,201835507,Single,DLCPRAH12AAK,DLFPHAH12XAK,13.6,2.074,12897.0,0.188,1.822438567883317,2.193868957023004,2.8371299731373543
151,Arcoaire,201835513,Single,DLCSRAH09AAJ,DLFSHAH09XAJ,10.5,1.03405777,6880.0,0.151,1.95,2.33,3.49
152,Arcoaire,201835514,Single,DLCSRAH12AAJ,DLFSHAH12XAJ,11.0,1.1373379293450685,7800.0,0.17,2.0099165665884,2.3332965957692298,3.508635894112149
153,Arcoaire,201835538,Single,DLCSRAH24AAK,DLFSDAH24XAK,12.0,4.55569796,30000.0,0.458,1.93,1.98,3.14
154,Bosch,9966837,Single,BMS500-AAS009-0CSXXA,BMS500-AAU009-0AHXXA,10.5,0.933,6516.0,0.162,2.0467857364630224,2.396967961288981,3.50283030076555
155,Bosch,9966838,Single,BMS500-AAS009-1CSXXA,BMS500-AAU009-1AHXXA,10.0,1.01,6609.0,0.161,1.9177294075544553,2.337364256411013,3.565925205209302
156,Bosch,9966839,Single,BMS500-AAS012-0CSXXA,BMS500-AAU012-0AHXXA,10.0,0.831,5736.0,0.172,2.022930995812274,2.3729406767876786,3.4782982092469017
157,Bosch,9966843,Single,BMS500-AAS018-1CSXXA,BMS500-AAU018-1AHXXA,10.0,2.087,12524.0,0.231,1.7587072739242933,2.491557765386997,3.359637893249701
158,Bosch,9966844,Single,BMS500-AAS024-1CSXXA,BMS500-AAU024-1AHXXA,10.0,2.635,15815.0,0.36,1.7589825320872865,2.205720522800646,3.280864763657318
315,Bryant,201753409,Single,38MPRAQ09AA3,619PHAQ09XA3,15.0,1.936,13047.0,0.159,1.9750507491167355,2.106303820027842,2.9483885528326437
316,Bryant,201753412,Single,38MPRAQ12AA3,619PHAQ12XA3,14.0,2.074,12897.0,0.188,1.822438567883317,2.193868957023004,2.8371299731373543
321,Bryant,8738643,Single,38MAQB24R--3,619PEQ024BBMA,10.3,3.98,24030.0,0.323,1.77,1.95,2.73
322,Bryant,8738645,Single,38MAQB12R--3,619PEQ012BBMA,12.0,1.78,12010.0,0.183,1.98,2.26,3.16
323,Bryant,8738646,Single,38MAQB09R--3,619PEQ009BBMA,11.2,1.613,10900.0,0.15,1.98,2.26,3.16
324,Bryant,8856652,Single,38MAQB18R--3,619REQ018DBMA,10.5,3.0145704237146207,18000.0,0.38842356530459465,1.75,2.14,3.21
325,Carrier,8856653,Single,38MAQB18R--3,40MBQB18D--3,10.5,3.0145704237146207,18000.0,0.38842356530459465,1.75,2.14,3.21
326,Bryant,8856654,Single,38MAQB18R--3,619REQ018CBMA,10.5,3.18,19010.0,0.27,1.75,2.06,2.85
327,Carrier,9118461,Multi,38MGRQ18B--3,Non-Ducted Indoor Units,10.3,1.91,13990.0,0.52,2.146630507486911,2.700569000858896,3.6010168395897435
328,Bryant,9118462,Multi,38MGRQ18B--3,Non-Ducted Indoor Units,10.3,1.91,13990.0,0.52,2.146630507486911,2.700569000858896,3.6010168395897435
329,Carrier,9118473,Multi,38MGRQ36D--3,Non-Ducted Indoor Units,10.5,5.39,36080.0,1.04,1.9617818563265306,2.088340710228571,3.1785004029613733
330,Bryant,9118474,Multi,38MGRQ36D--3,Non-Ducted Indoor Units,10.5,5.39,36080.0,1.04,1.9617818563265306,2.088340710228571,3.1785004029613733
331,Carrier,9118477,Multi,38MGRQ48E--3,Non-Ducted Indoor Units,10.2,5.39,36340.0,1.02,1.9759188652690167,2.0917878630885123,3.473918861592357
332,Bryant,9118478,Multi,38MGRQ48E--3,Non-Ducted Indoor Units,10.2,5.39,36340.0,1.02,1.9759188652690167,2.0917878630885123,3.473918861592357
333,Carrier,9854622,Multi,38MGRQ24C--3,Non-Ducted Indoor Units,10.0,3.9,24170.0,0.72,1.8162891697179486,2.6418413657706092,3.4917875511184207
334,Bryant,9854623,Multi,38MGRQ24C--3,Non-Ducted Indoor Units,10.0,3.9,24170.0,0.72,1.8162891697179486,2.6418413657706092,3.4917875511184207
335,Carrier,9854626,Multi,38MGRQ30D--3,Non-Ducted Indoor Units,10.0,4.05,28220.0,0.76,2.0420902704691355,2.106305586207792,3.3972506276323986
336,Bryant,9854627,Multi,38MGRQ30D--3,Non-Ducted Indoor Units,10.0,4.05,28220.0,0.76,2.0420902704691355,2.106305586207792,3.3972506276323986
510,Carrier,200059159,Single,38MAQB18R--3,40MBCQ18---3,10.5,3.18,19010.0,0.27,1.75,2.06,2.85
511,Bryant,200059158,Single,38MAQB18R--3,40MBCQ18---3,10.5,3.18,19010.0,0.27,1.75197517,2.05949943,2.85309899
512,Payne,201846974,Single,38MAQB18R--3,40MBCQ18---3,10.5,3.18,19010.0,0.27,1.75197517,2.05949943,2.85309899
513,Midea,201846994,Single,38MAQB18R--3,40MBCQ18---3,10.5,3.18,19010.0,0.27,1.75197517,2.05949943,2.85309899
514,Carrier,201753408,Single,38MPRAQ09AA3,40MPHAQ09XA3,15.0,1.936,13047.0,0.159,1.9750507491167355,2.106303820027842,2.9483885528326437
515,Carrier,201753411,Single,38MPRAQ12AA3,40MPHAQ12XA3,14.0,2.074,12897.0,0.188,1.822438567883317,2.193868957023004,2.8371299731373543
516,Carrier,7992954,Single,38GRQB09---301,40GRQB09H--301,10.3,1.553,10488.0,0.2,1.979,2.885,2.885
517,Carrier,7992956,Single,38GRQB12---301,40GRQB12H--301,10.3,1.38,13000.0,0.2,2.76,3.12,3.12
518,Carrier,7992958,Single,38GRQB18---301,40GRQB18H--301,10.3,1.97,19190.0,0.35,2.85,2.879,2.879
519,Carrier,8738635,Single,38MAQB09R--3,40MAQB09B--3,11.2,1.613,10900.0,0.15,1.98,2.26,3.16
520,Carrier,8738636,Single,38MAQB12R--3,40MAQB12B--3,12.0,1.78,12010.0,0.183,1.98,2.26,3.16
521,Carrier,8738638,Single,38MAQB24R--3,40MAQB24B--3,10.3,3.98,24030.0,0.323,1.77,1.95,2.73
522,Carrier,8856655,Single,38MAQB18R--3,40MBQB18C--3,10.5,3.18,19010.0,0.27,1.75,2.06,2.85
523,Comfortmaker,201835554,Single,DLCPRAH09AAK,DLFPHAH09XAK,14.5,1.936,13047.0,0.159,1.9750507491167355,2.106303820027842,2.9483885528326437
524,Comfortmaker,201835555,Single,DLCPRAH12AAK,DLFPHAH12XAK,13.6,2.074,12897.0,0.188,1.822438567883317,2.193868957023004,2.8371299731373543
525,Comfortmaker,201835561,Single,DLCSRAH09AAJ,DLFSHAH09XAJ,10.5,1.03405777,6880.0,0.151,1.94991906,2.32990328,3.492202
526,Comfortmaker,201835562,Single,DLCSRAH12AAJ,DLFSHAH12XAJ,11.0,1.1373379293450685,7800.0,0.17,2.0099165665884,2.3332965957692298,3.508635894112149
527,Comfortmaker,201835587,Single,DLCSRAH24AAK,DLFSDAH24XAK,12.0,4.55569796,30000.0,0.458,1.92991989,1.98427017,3.13949989
528,Daikin,201871420,Single,RX18RMVJU,FFQ18Q2VJU,10.1,1.57,10900.0,0.37,2.0346972375796177,2.480637271071428,3.327577773958333
529,Daikin,201871419,Single,RX15RMVJU,FFQ15Q2VJU,11.0,1.06,8160.0,0.33,2.256094274716981,2.7499620224669603,3.6746603392307695
530,Daikin,201986968,Single,RX09RMVJU,FFQ09Q2VJU,11.7,0.94,6920.0,0.25,2.157501919574468,2.6757388691,3.56782172173913
531,Daikin,201986969,Single,RX12RMVJU,FFQ12Q2VJU,11.2,1.19,8420.0,0.25,2.073662528907563,2.529180257637795,3.395582052413793
532,Daikin,201851574,Single,RX24RMVJU,FDMQ24RVJU,10.0,1.8,13760.0,0.39,2.24,2.69,3.66
533,Daikin,201851573,Single,RX18RMVJU,FDMQ18RVJU,10.3,1.65,12470.0,0.33,2.21,2.58,3.63
534,Daikin,201851575,Multi,3MXS24RMVJU,CTXS07LVJU+CTXS09LVJU+CTXS09LVJU,12.5,2.46,18930.0,0.43,2.26,2.72,3.55
535,Daikin,201851577,Multi,3MXL24RMVJU,CTXS07LVJU+CTXS09LVJU+CTXS09LVJU,12.5,2.92,21600.0,0.44,2.17,2.55,3.41
536,Daikin,201851572,Single,RX15RMVJU,FDMQ15RVJU,10.3,1.18,9220.0,0.3,2.29,2.84,3.77
537,Daikin,3208521,Single,RXG09HVJU,FTXG09HVJU,11.0,1.57,9460.0,0.224,1.77,2.12,2.82
538,Daikin,3208522,Single,RXG12HVJU,FTXG12HVJU,10.55,1.67,10040.0,0.224,1.76,2.13,2.62
539,Daikin,3208523,Single,RXG15HVJU,FTXG15HVJU,10.0,1.75,11150.0,0.234,1.87,2.25,2.89
540,Daikin,5265753,Single,RXS09LVJU,FTXS09LVJU,12.5,0.84,6968.0,0.22,2.43,2.81,3.6
541,Daikin,5265755,Single,RXS12LVJU,FTXS12LVJU,12.5,0.84,8051.0,0.22,2.81,3.25,4.15
542,Daikin,5265756,Single,RXS15LVJU,FTXS15LVJU,11.6,1.09,9972.0,0.39,2.69,3.11,3.97
543,Daikin,5265757,Single,RXS18LVJU,FTXS18LVJU,11.0,1.4,11924.0,0.41,2.49,2.89,3.7
544,Daikin,5265758,Single,RXS24LVJU,FTXS24LVJU,10.6,1.82,14028.0,0.54,2.26,2.61,3.34
545,Daikin,8103542,Multi,2MXS18NMVJU,CTXS09HVJU+CTXS09LVJU,10.7,1.4,13150.0,0.29,2.76,3.33,4.34
546,Daikin,8103869,Multi,3MXS24NMVJU,CTXS07LVJU+CTXS09LVJU+CTXS09LVJU,12.5,2.46,18930.0,0.43,2.26,2.72,3.55
547,Daikin,8849330,Single,RXL15QMVJU,FTX15NMVJU,12.5,2.361,18254.0,0.39,2.27,2.45,3.12
548,Daikin,8849445,Single,RXL15QMVJU,FVXS15NVJU,11.3,2.198,18015.0,0.34,2.4,2.7,3.87
549,Daikin,8849458,Single,RXL12QMVJU,FTX12NMVJU,12.0,1.86,14330.0,0.24,2.26,2.52,3.52
550,Daikin,8849459,Single,RXL09QMVJU,FVXS09NVJU,11.7,1.384,10065.0,0.24,2.13,2.36,3.1
551,Daikin,8849533,Single,RXL09QMVJU,FTX09NMVJU,12.5,1.623,10918.0,0.23,1.97,2.17,2.76
552,Daikin,8849535,Multi,2MXL18QMVJU,Non-Ducted Indoor Units,10.3,2.62,18930.0,0.47,2.12,2.48,3.33
553,Daikin,8849539,Multi,3MXL24QMVJU,CTXS07LVJU+FTXS09LVJU+FTXS09LVJU,12.5,2.92,21600.0,0.44,2.17,2.55,3.41
554,Daikin,9966569,Single,RX09QMVJU,FFQ09Q2VJU,11.7,0.76,6270.0,0.25,2.42,2.94,3.57
555,Daikin,9966684,Single,RX12QMVJU,FFQ12Q2VJU,11.2,0.96,7500.0,0.25,2.28,2.76,3.39
556,Daikin,9966775,Single,RX15QMVJU,FFQ15Q2VJU,11.0,0.86,7270.0,0.31,2.47,3.0135351328260866,3.6746603392307695
557,Daikin,10318063,Single,RX18QMVJU,FFQ18Q2VJU,10.1,1.27,9700.0,0.37,2.2384168338582677,2.72,3.327577773958333
563,Day & Night,201835602,Single,DLCPRAH09AAK,DLFPHAH09XAK,14.5,1.936,13047.0,0.159,1.9750507491167355,2.106303820027842,2.9483885528326437
564,Day & Night,201835603,Single,DLCPRAH12AAK,DLFPHAH12XAK,13.6,2.074,12897.0,0.188,1.822438567883317,2.193868957023004,2.8371299731373543
565,Day & Night,201835609,Single,DLCSRAH09AAJ,DLFSHAH09XAJ,10.5,1.03405777,6880.0,0.151,1.94991906,2.32990328,3.492202
566,Day & Night,201835610,Single,DLCSRAH12AAJ,DLFSHAH12XAJ,11.0,1.1373379293450685,7800.0,0.17,2.0099165665884,2.3332965957692298,3.508635894112149
567,Day & Night,201835635,Single,DLCSRAH24AAK,DLFSDAH24XAK,12.0,4.55569796,30000.0,0.458,1.92991989,1.98427017,3.13949989
568,Emi,8993363,Single,SZ1H09DAA,WALH09AAA,10.5,1.07,6800.0,0.198,1.8625077345794392,2.3560615431372547,3.331755322105263
569,Emi,8993362,Single,SZ1H12AAA,WALH12AAA,11.2,1.16,7100.0,0.22,1.7937970663793101,2.2273401319999997,3.0708751247826087
570,Emi,8993367,Single,SZ1H18DAA,WALH18DAA,10.0,1.69,10952.0,0.25,1.8992392654674555,2.460708179071207,3.383638717272727
571,Emi,8993369,Single,SZ1H24DAA,WALH24DAA,10.0,2.52,15200.0,0.42,1.7677302634920633,2.104158697890625,3.082839194351145
572,Frigidaire,8718583,Single,FFHP093CS2 ,FFHP093WS2,10.5,1.45,10200.0,0.16,2.061603388965517,2.353125379562044,2.9307107
573,Frigidaire,8718584,Single,FFHP123CS2,FFHP123WS2,10.1,1.27,8800.0,0.4,2.030728674015748,2.405807291044776,2.9307106999999997
574,Frigidaire,8718585,Single,FFHP183CS2,FFHP183WS2,10.0,2.622,16425.3,0.58,1.8359192395389017,2.095968473258706,2.2936611176543757
575,Emerson Quiet Kool,10298956,Single,HP-25EACH09R2O,HP-25EACH09R2I,11.2,1.945006927421933,11680.0,0.2331850458457959,1.7599269438784,1.9899173967716,3.1598688310544008
576,Emerson Quiet Kool,10298957,Single,HP-22EACH12R2O,HP-22EACH12R2I,12.0,1.9555164777908034,12010.0,0.22727775442942777,1.799925283512,2.21,3.27
577,Emerson Quiet Kool,10298959,Single,HP-20EACH24R2O,HP-20EACH24R2I,11.5,3.9817219692602643,24590.0,0.6872597941075702,1.81,1.95,2.72
578,Friedrich,7000021,Single,MR09Y3J,MW09Y3J,11.0,1.95,11942.7,0.2,1.79,2.37,3.6
579,Friedrich,7000022,Single,MR12Y3J,MW12Y3J,11.0,2.91,15524.6,0.19,2.0,2.05,3.12
580,Friedrich,7012589,Single,MR24Y3J,MW24Y3J,11.0,4.42,27228.6,0.53,1.8,2.18,2.72
581,Friedrich,7086358,Single,MRH12Y3J,MWH12Y3J,11.0,0.95,7500.0,0.956,2.3137189736842103,3.119235949707602,3.750771950917431
582,Friedrich,8915232,Multi,MR24DY3JMA,Non-Ducted,10.6,1.65,14595.0,1.092,2.5923468282727273,3.6157429028011694,3.349383657142857
583,Friedrich,8915234,Multi,MR24DY3JMA,Mixed,10.2,1.7,14109.0,1.171,2.4323174862529413,3.395961023625,3.144878020384615
584,Friedrich,201763897,Single,MRH09Y3JA,MWH09Y3JA,12.5,1.48,10780.0,0.123,2.134666307162162,2.3380946026338147,2.8392630776971792
585,Friedrich,201763898,Single,MRH12Y3JA,MWH12Y3JA,12.0,1.65,13130.0,0.215,2.3321352418787877,2.2986790786712414,3.067060725152919
586,Fujitsu,5063325,Single,AOU9RLS2,ASU9RLS2,12.5,2.06,15000.0,0.2,2.18,2.45,3.24
587,Fujitsu,5063326,Single,AOU12RLS2,ASU12RLS2,12.0,2.1,16500.0,0.2,2.34,2.63,3.24
588,Fujitsu,5751311,Single,AOU9RLFC,AUU9RLF,13.0,1.87,15000.0,0.15,2.41,2.66,2.93
589,Fujitsu,5751312,Single,AOU9RLFC,ARU9RLF,12.2,1.87,15000.0,0.15,2.41,2.66,2.93
590,Fujitsu,5751313,Single,AOU12RLFC,AUU12RLF,12.2,2.25,16500.0,0.15,2.18,2.41,2.85
591,Fujitsu,5751314,Single,AOU12RLFC,ARU12RLF,11.5,2.25,16500.0,0.15,2.18,2.41,2.85
592,Fujitsu,6936995,Single,AOU9RLFF,AGU9RLF,12.6,2.1,14000.0,0.2,1.95,2.25,2.99
593,Fujitsu,6936996,Single,AOU12RLFF,AGU12RLF,11.6,2.17,15000.0,0.2,2.02,2.02,3.1
594,Fujitsu,6936997,Single,AOU15RLFF,AGU15RLF,11.2,2.91,18500.0,0.18,1.86,1.93,3.03
595,Fujitsu,6937309,Single,AOU9RLFFH,AGU9RLF,12.4,2.25,14000.0,0.2,1.82,2.08,2.99
596,Fujitsu,6937310,Single,AOU12RLFFH,AGU12RLF,11.3,2.32,15000.0,0.2,1.89,1.89,3.1
597,Fujitsu,6937311,Single,AOU15RLFFH,AGU15RLF,11.0,3.06,18500.0,0.18,1.77,1.83,3.03
598,Fujitsu,6961728,Single,AOU9RLFW1,ASU9RLF1,11.0,1.27,8530.0,0.25,1.9679448818897638,2.191732283464567,2.75
599,Fujitsu,6961729,Single,AOU12RLFW1,ASU12RLF1,11.0,1.7723437499999999,12150.0,0.25,2.007123618090452,2.1959785594639865,2.8122110552763817
600,Fujitsu,7937663,Single,AOU18RLB,ASU18RLB,10.6,2.18,15400.0,0.17,2.069816513761468,2.3326985714285713,2.8446601941747574
601,Fujitsu,7993242,Single,AOU12RLS3,ASU12RLS3,14.0,2.1,16500.0,0.2,2.3,2.49,3.34
602,Fujitsu,7993243,Single,AOU15RLS3,ASU15RLS3,13.4,2.75,20500.0,0.17,2.18,2.43,3.2
603,Fujitsu,7993244,Single,AOU12RLS3H,ASU12RLS3,13.8,2.25,16500.0,0.2,2.15,2.32,3.34
604,Fujitsu,7993245,Single,AOU15RLS3H,ASU15RLS3,13.3,2.9,20500.0,0.17,2.07,2.3,3.2
605,Fujitsu,8004699,Single,AOU9RLS3,ASU9RLS3,14.2,2.1,15000.0,0.2,2.09,2.28,3.34
606,Fujitsu,8004700,Single,AOU9RLS3H,ASU9RLS3,14.0,2.25,15000.0,0.2,1.95,2.12,3.34
607,Fujitsu,8033584,Multi,AOU18RLXFZH,Non-Ducted Indoor Units,10.3,3.49,22000.0,0.52,1.85,2.16,3.54
608,Fujitsu,8033586,Multi,AOU24RLXFZH,Non-Ducted Indoor Units,10.3,3.57,25500.0,0.5,2.09,2.13,3.06
609,Fujitsu,8693477,Multi,AOU48RLAVM,Non-Ducted Indoor Units,11.4,4.12,41300.0,0.91,2.9378771437540134,3.2856094616300218,3.8980600134924854
610,Fujitsu,8693480,Multi,AOU36RLAVM,Non-Ducted Indoor Units,11.4,4.06,37900.0,0.87,2.735860639099356,2.77860209639971,3.846627277203348
611,Fujitsu,8703348,Single,AOU9RLS3,ASU9RLS3Y,14.2,2.1,15000.0,0.2,2.09,2.28,3.34
612,Fujitsu,8703349,Single,AOU9RLS3H,ASU9RLS3Y,14.0,2.25,15000.0,0.2,1.95,2.12,3.34
613,Fujitsu,8703350,Single,AOU12RLS3,ASU12RLS3Y,14.0,2.1,16500.0,0.2,2.3,2.49,3.34
614,Fujitsu,8703506,Single,AOU12RLS3H,ASU12RLS3Y,13.8,2.25,16500.0,0.2,2.15,2.32,3.34
615,Fujitsu,8703507,Single,AOU15RLS3,ASU15RLS3Y,13.4,2.75,20500.0,0.17,2.18,2.43,3.2
616,Fujitsu,8703508,Single,AOU15RLS3H,ASU15RLS3Y,13.3,2.9,20500.0,0.17,2.07,2.3,3.2
617,Fujitsu,8718495,Single,AOU18RLXFW1,ASU18RLF,10.5,2.6,21600.0,0.48,2.43,2.34,2.84
618,Fujitsu,8718545,Single,AOU24RLXFW1,ASU24RLF,10.6,3.44,25220.0,0.5,2.15,2.36,3.14
619,Fujitsu,8779045,Single,AOU18RLXFWH,ASU18RLF,10.4,2.75,21600.0,0.48,2.3,2.22,2.84
620,Fujitsu,8779046,Single,AOU24RLXFWH,ASU24RLF,10.5,3.59,25220.0,0.5,2.06,2.26,3.14
621,Fujitsu,8908615,Multi,AOU36RLXFZH,Non-Ducted Indoor Units,10.3,5.28,36407.0,0.7,2.02,2.25,3.74
622,Fujitsu,8912454,Single,AOU30RLXEH,ASU30RLE,11.8,4.55,32040.0,0.5,2.06,2.29,2.54
623,Lennox,201796629,Single,MPB012S4S-1L,MWMB012S4-2L,10.2,1.006,6885.0,0.17,2.0057597583996025,2.3332965957692307,3.508635894112149
624,Lennox,201796628,Single,MPB009S4S-1L,MWMB009S4-2L,11.2,1.02,6776.0,0.151,1.9469113434509804,2.3332965957692307,3.4922020023364486
625,Lennox,201796630,Single,MPB009S4S-1P,MWMA009S4-3P,10.8,1.175,7990.0,0.144,1.9928832759999997,2.3728613955373405,2.798498187218045
626,Lennox,201796631,Single,MPB012S4S-1P,MWMA012S4-3P,11.0,1.382,9134.0,0.177,1.9369834684370477,2.5099651044554454,3.0179342327380954
627,Lennox,201796632,Single,MLA009S4S-1P,MWMA009S4-3P,10.5,1.7,10830.0,0.159,1.8670351106470586,1.956229208292011,3.117407826074074
628,Lennox,201796633,Single,MLA012S4S-1P,MWMA012S4-3P,10.0,1.972,12038.0,0.188,1.7890413492190669,1.8320770594441806,2.5399492733333333
629,Lennox,8129529,Single,MPA009S4S-1P,MWMA009S4-1P,10.0,0.884,6291.0,0.153,2.085644911052036,2.3162757244626593,2.6439133226299694
630,Lennox,8129532,Single,MPA012S4S-1P,MWMA012S4-1P,10.0,0.98,6292.0,0.182,1.8816358902448977,2.354047947708895,2.8278787456140346
631,Lennox,8129542,Single,MPA024S4S-1P,MWMA024S4-1P,10.0,2.202,16382.0,0.446,2.180331638846503,2.2417971933157252,2.729331455994152
632,Lennox,8129566,Single,MPA012S4S-1P,M22A012S4-1P,10.0,1.143,7465.0,0.195,1.914064337,2.288223788,2.912802715
633,Direct Air,8775829,Single,MOD30-24HFN1-MT0W,CS11M-23HRFN1-MT0W,11.5,4.29,26026.0,0.451,1.7779644913333332,1.846067290215311,2.7952693379968454
634,Direct Air,8775842,Single,MOBA30-09HFN1-MT0W,CCA3U-09HRFN1-M(C),10.5,1.172,7878.0,0.152,1.9699777213822522,2.172919613843594,2.7815427901197602
635,Direct Air,8775845,Single,MOB30-12HFN1-MT0W,CCA3U-12HRFN1-M(C),10.5,1.31,8462.0,0.181,1.8931048811755724,2.1819471692781955,3.590255043770642
636,Direct Air,8775849,Single,MOCA31-18HFN1-MT0W,CCA3U-18HRFN1-M(C),10.3,1.391,9410.0,0.244,1.9826015590941768,2.634992536464516,3.376946293488095
637,Direct Air,8775850,Single,MOCA31-18HFN1-MT0W,MUEU-18HRFN1-M(C),10.5,1.433,10274.0,0.238,2.1011948172923938,2.6460623126126714,3.3783101523636363
638,Direct Air,8775852,Single,MOD31-24HFN1-MT0W,MCDU-24HRFN1-M(C),10.5,2.395,15327.0,0.448,1.8755324801210855,2.176223084906977,3.3449915408377358
639,Direct Air,8775853,Single,MOD31-24HFN1-MT0W,MUEU-24HRFN1-M(C),11.0,2.569,17705.0,0.448,2.0197832986959905,2.103229499204098,3.254614153944238
640,Comfort-Aire/Century,201810035  /201862958 ,Multi,A-VMH28TU-1,non-ducted indoor units,10.4,3.933,26357.0,0.895,1.9640158128629543,2.169575399362319,3.1811915857266184
641,Comfort-Aire / Century,202195114 / 202195115 ,Multi,A-VMH48PU-1,Non-Ducted Indoor Units,10.2,3.938,24120.0,1.02,1.7950416984255966,2.1184247776201923,3.5063860160714286
642,Comfort-Aire/Century,201810036 /201862959,Multi,A-VMH36QU-1,Non-Ducted Indoor Units,10.5,5.379,36000.0,1.02,1.9614349358616845,2.030776907260996,3.1802000807112067
643,Comfort-Aire/Century,8779089,Single,A-VMH24SU-1,B-VMH24SU-1,11.5,3.9817219692602643,24590.0,0.6872597941075702,1.8099248684204001,1.9499190571379998,2.7198870950848004
644,Comfort-Aire/Century,8779091,Single,B-VMH12SU-1,A-VMH12SU-1,12.0,1.9555164777908034,12010.0,0.22727775442942777,1.799925283512,2.2099082647564,3.2698642650467997
645,Comfort-Aire/Century,8779092,Single,A-VMH09SU-1,B-VMH09SU-1,11.2,1.945006927421933,11680.0,0.2331850458457959,1.7599269438784,1.9899173967716,3.1598688310544008
646,Direct Air,8952869,Single,MOB30-09HFN1-MX0W,CS11M-09HRFN1-MX0W(A),11.2,1.71,10826.0,0.162,1.8554312303040934,2.0012466950239807,3.2858823313011154
647,Direct Air,8952870,Single,MOB30-12HFN1-MV0W,CS11M-12HRFN1-MU5W,12.0,1.971,12029.0,0.188,1.7886108072196854,1.8613003466122449,3.285652329222222
648,Direct Air,8989603,Single,MOBA30-09HFN1-MT0W,MSAEB-09HRFN1-MT0W,10.0,1.01,6609.0,0.161,1.9177294075544553,2.337364256411013,3.565925205209302
649,Willis,9038618,Single,WUHO09KW25S,WUHI09KHW,11.2,1.945006927421933,11680.0,0.2331850458457959,1.7599269438784,1.9899173967716,3.1598688310544008
650,Willis,9038619,Single,WUHO12KW22S,WUHI12KHW,12.0,1.9555164777908034,12010.0,0.22727775442942777,1.799925283512,2.2099082647564,3.2698642650467997
651,Willis,9038621,Single,WUHO24KW20S,WUHI24KHW,11.5,3.9817219692602643,24590.0,0.6872597941075702,1.8099248684204001,1.9499190571379998,2.7198870950848004
652,Willis,9038626,Single,WSM09MH20S/O,WSM09MH20S/I,10.0,1.012194679783904,6700.0,0.24540084388185654,1.9399194722295996,2.1399111703976,2.8898800385276
653,Willis,9038628,Single,WSM18MH20S/O,WSM18MH20S/I,10.0,2.081557071299158,12500.0,0.37915370255133785,1.7599269438784,2.4198995478327996,3.5298534726651996
654,Willis,9038629,Single,WSM24MH20S/O,WSM24MH20S/I,10.0,2.6335860066076946,15815.0,0.6467884130982366,1.7599269438784,1.9199203024127995,2.2399070194816
655,Direct Air,9104550,Single,MOD31-24HFN1-MT0W,MSAED-23HRFN1-MT0W,10.0,2.635,15815.0,0.36,1.7589825320872865,2.205720522800646,3.280864763657318
656,Direct Air,9104551,Single,MOCA31-18HFN1-MT0W,MSAED-18HRFN1-MT0W,10.0,2.087,12524.0,0.231,1.7587072739242933,2.491557765386997,3.359637893249701
657,Direct Air,9680947,Single,MOBA30-09HFN1-MT0W,CS11M-09HRFN1-MX0W(A),10.8,1.175,7990.0,0.144,1.9928832759999997,2.3332965957692307,3.5594813592727275
658,Direct Air,9680948,Single,MOCA31-18HFN1-MT0W,CS11M-12HRFN1-MU5W,11.0,1.382,9134.0,0.177,1.9369834684370477,2.155700537111111,3.6394098329090907
659,Direct Air,9680949,Single,MOCA31-18HFN1-MT0W,CS11M-18HRFN1-MT0W,10.4,1.616,11178.0,0.231,2.027195804740099,2.4902160008484846,3.357463310701754
660,Direct Air,9680950,Single,MOD31-24HFN1-MT0W,CS11M-23HRFN1-MT0W,11.5,2.561,18099.0,0.44,2.0711805138344395,2.205562518893281,3.2766667751127816
661,Lennox,9920038,Single,MLA009S4S-1P,MWMA009S4-2P,10.5,1.7,10830.0,0.159,1.8670351106470586,1.956229208292011,3.117407826074074
662,Lennox,9920040,Multi,MLA012S4S-1P,ducted indoor units,10.0,2.031,12341.0,0.189,1.7807927498128997,1.876637532061144,2.948204895076832
663,Lennox,9920041,Single,MLA012S4S-1P,MWMA012S4-2P,10.0,1.972,12038.0,0.188,1.7890413492190669,1.8320770594441806,2.5399492733333333
664,Lennox,9920047,Single,MLA024S4S-1P,MWMA024S4-2P,10.0,4.29,26030.0,0.451,1.778237751072261,1.8379549436143188,2.796274429357798
665,Lennox,9920054,Multi,MLA030S4M-1P,Non-Ducted Indoor Units,10.4,4.041,28160.0,0.895,2.0422868921554067,2.179365183855364,3.1811915857266184
666,Lennox,9920055,Multi,MLA036S4M-1P,Non-Ducted Indoor Units,10.5,5.379,36000.0,1.02,1.9614349358616845,2.030776907260996,3.1802000807112067
667,Lennox,9962873,Single,MPA009S4S-1P,MWMA009S4-2P,10.0,0.884,6291.0,0.153,2.085644911052036,2.3162757244626593,2.6439133226299694
668,Lennox,9962874,Single,MPA012S4S-1P,MWMA012S4-2P,10.0,0.98,6292.0,0.182,1.8816358902448977,2.354047947708895,2.8278787456140346
669,Lennox,9962876,Single,MPA024S4S-1P,MWMA024S4-2P,10.0,2.202,16382.0,0.446,2.180331638846503,2.2417971933157252,2.729331455994152
670,Lennox,9962880,Single,MPA012S4S-1P,M22A012S4-2P,10.0,1.143,7465.0,0.195,1.9140643373140858,2.2882237881975964,2.9128027145240893
671,Lennox,10056167,Single,MPB009S4S-1L,MWMB009S4-1L,11.2,1.02,6776.0,0.151,1.9469113434509804,2.155558956884058,2.575473039393939
672,Lennox,10056168,Single,MPB012S4S-1L,MWMB012S4-1L,10.2,1.006,6885.0,0.17,2.0057597583996025,2.314044620267417,2.79596538045977
673,Lennox,10056169,Single,MPB009S4S-1P,MWMA009S4-1P,10.8,1.175,7990.0,0.144,1.9928832759999997,2.3728613955373405,2.798498187218045
674,Lennox,10056170,Single,MPB009S4S-1P,MWMA009S4-2P,10.8,1.175,7990.0,0.144,1.9928832759999997,2.3728613955373405,2.798498187218045
675,Lennox,10056171,Single,MPB012S4S-1P,MWMA012S4-1P,11.0,1.382,9134.0,0.177,1.9369834684370477,2.5099651044554454,3.0179342327380954
676,Lennox,10056172,Single,MPB012S4S-1P,MWMA012S4-2P,11.0,1.382,9134.0,0.177,1.9369834684370477,2.5099651044554454,3.0179342327380954
677,Lennox,10056173,Single,MPB018S4S-1P,MWMA018S4-1P,10.4,1.616,11178.0,0.231,2.027195804740099,2.5718134523505514,2.8085977541666667
678,Lennox,10056174,Single,MPB018S4S-1P,MWMA018S4-2P,10.4,1.616,11178.0,0.231,2.027195804740099,2.5718134523505514,2.8085977541666667
679,Lennox,10056175,Single,MPB024S4S-1P,MWMA024S4-1P,11.5,2.561,18099.0,0.44,2.0711805138344395,2.1185523299274256,2.8773455200895524
680,Lennox,10056176,Single,MPB024S4S-1P,MWMA024S4-2P,11.5,2.561,18099.0,0.44,2.0711805138344395,2.1185523299274256,2.8773455200895524
681,Lennox,10058816,Multi,MPB009S4S-1P,ducted indoor units,10.5,1.18,8071.0,0.166,2.0045564457372884,2.174094051460396,2.7874509221162445
682,Lennox,10058821,Multi,MPB024S4S-1P,ducted indoor units,10.5,2.498,15682.0,0.452,1.8398480863650921,2.020269485104357,2.8484146767890994
683,Lennox,10058825,Single,MPB018S4S-1P,MCFB018S4-2P,10.5,1.433,10274.0,0.238,2.1011948172923938,2.388585241731294,2.7809725326886596
684,Lennox,10058826,Single,MPB024S4S-1P,MCFA024S4-1P,11.0,2.569,17705.0,0.448,2.0197832986959905,2.103229499204098,2.8559636545338476
685,Lennox,10058827,Single,MPB024S4S-1P,MCFA024S4-2P,11.0,2.569,17705.0,0.448,2.0197832986959905,2.103229499204098,2.8559636545338476
686,Lennox,10058830,Single,MPB009S4S-1P,M22A009S4-1P,10.5,1.172,7878.0,0.152,1.9699777213822522,2.172919613843594,2.7815427901197602
687,Lennox,10058831,Single,MPB009S4S-1P,M22A009S4-2P,10.5,1.172,7878.0,0.152,1.9699777213822522,2.172919613843594,2.7815427901197602
688,Lennox,10058832,Single,MPB012S4S-1P,M22A012S4-1P,10.5,1.31,8462.0,0.181,1.8931048811755724,2.3114705796717008,2.961851663754427
689,Lennox,10058833,Single,MPB012S4S-1P,M22A012S4-2P,10.5,1.31,8462.0,0.181,1.8931048811755724,2.3114705796717008,2.961851663754427
690,Lennox,10058834,Single,MPB018S4S-1P,M22A018S4-1P,10.3,1.391,9410.0,0.244,1.9826015590941768,2.347809472306477,2.756714940364842
691,Lennox,10058835,Single,MPB018S4S-1P,M22A018S4-2P,10.3,1.391,9410.0,0.244,1.9826015590941768,2.347809472306477,2.756714940364842
692,Lennox,10058836,Single,MPB024S4S-1P,M33A024S4-1P,10.5,2.395,15327.0,0.448,1.8755324801210855,2.068710834391815,2.832034158022565
693,Lennox,10058836,Single,MPB024S4S-1P,M33A024S4-2P,10.5,2.395,15327.0,0.448,1.8755324801210855,2.068710834391815,2.832034158022565
694,Lennox,10062010,Multi,MPB018S4M-1P,Non-Ducted Indoor Units,10.3,1.524,9662.0,0.52,1.858039815183727,2.212891046688372,3.6234241381818184
695,Lennox,10062012,Multi,MPB030S4M-1P,Non-Ducted Indoor Units,10.3,2.526,16820.0,0.715,1.951486697307997,2.067463111895103,3.3448931585488957
696,Lennox,10062016,Multi,MPB048S4M-1P,Non-Ducted Indoor Units,10.2,3.938,24120.0,1.02,1.7950416984255966,2.3533600503853735,3.476987699766206
697,Gree,9956329,Single,VIR09HP115V1BO,VIR09HP115V1BH,10.5,1.252,8680.0,0.1,2.031834574760383,2.3554059638473643,3.230704708661417
698,Gree,9956330,Single,VIR12HP115V1BO,VIR12HP115V1BH,10.2,1.323,8611.0,0.17,1.9075094359561602,2.21364922070073,3.3515203329241374
699,Gree,9956331,Single,VIR09HP230V1BO,VIR09HP230V1BH,10.5,1.334,9171.0,0.16,2.014808682886057,2.185916391614987,2.605076177777778
700,Gree,9956415,Multi,MULTI24HP230V1CO,non-ducted indoor units,11.0,2.97,18356.0,0.95,1.8113173605791246,3.0227061031390137,2.254392846153846
701,Gree,9956416,Multi,MULTI30HP230V1CO,non-ducted indoor units,11.5,3.01,19356.0,1.05,1.8846125019667774,3.1260914133333335,3.584756853954717
702,Gree,9956417,Multi,MULTI36HP230V1CO,non-ducted indoor units,11.5,3.12,21356.0,1.25,2.0060339009358974,2.7320184491525423,3.610961216922222
703,Gree,9959454,Single,VIR12HP230V1BO,VIR12HP230V1BH,11.0,1.276,8800.0,0.21,2.0211797931034483,2.393960104981357,2.9307106999999997
704,Gree,10149900,Single,SAP09HP230V1AO,SAP09HP230V1AH,15.0,0.86,8000.0,0.2,2.09,2.4,2.66
705,Gree,10149903,Single,SAP12HP230V1AO,SAP12HP230V1AH,14.0,1.8216,12977.0,0.25,2.73,2.64,3.43
706,Gree,10157570,Single,SAP18HP230V1AO,SAP18HP230V1AH,12.0,3.1,21500.0,0.32,2.032589679032258,2.1064483156250002,2.309044793939394
707,Gree,10157571,Single,Sap24HP230V1AO,Sap24HP230V1AH,12.0,3.2,22553.0,0.38,2.0655099505343752,2.277196896866864,2.534668713513513
708,Tosot,10062018,Single,TW09HQ3D6DO,TW09HQ3D6DI,15.0,1.8216,12976.6,0.2,2.0877613345202017,2.402110843462358,2.6571777013333335
709,Tosot,10062019,Single,TW12HQ3D6DO,TW12HQ3D6DI,14.0,0.86,8000.0,0.25,2.7262425116279068,2.6376396300000002,3.4252681306249997
710,Tosot,10062020,Single,TW18HQ3D6DO,TW18HQ3D6DI ,12.0,3.1,21500.0,0.32,2.032589679032258,2.1064483156250002,2.309044793939394
711,Tosot,10062021,Single,TW24HQ3D6DO,TW24HQ3D6DI,12.0,3.2,22553.32,0.38,2.065625,2.277291425321004,2.5347739298501315
712,Tosot,10064019,Multi,TM24H4O,Non-Ducted Indoor Units,11.0,2.97,18356.0,0.95,1.8113173605791246,3.0227061031390137,2.254392846153846
713,Tosot,10064021,Multi,TM30H4O,Non-Ducted Indoor Units,11.5,3.01,19356.0,1.05,1.8846125019667774,3.1260914133333335,3.584756853954717
714,Tosot,10064023,Multi,TM36H4O,Non-Ducted Indoor Units,11.5,3.12,21356.0,1.25,2.0060339009358974,2.7320184491525423,3.610961216922222
715,Gree,7070719,Single,GWH24QE-D3DNA1D/O,GWH24QE-D3DN***/I,10.0,3.32,22861.5,0.455,2.0180856225316264,1.905327582894372,3.0586627264033264
716,Gree,7091967,Single,GWH09QC-A3DNA1D/O,GWH09QC-A3DN***/I,10.5,1.252,8680.0,0.1,2.031834574760383,2.3554059638473643,3.230704708661417
717,Gree,7091968,Single,GWH12QC-A3DNA1D/O,GWH12QC-A3DN***/I,10.2,1.323,8611.0,0.17,1.9075094359561602,2.21364922070073,3.3515203329241374
718,Gree,7091970,Single,GWH09QC-D3DNA1D/O,GWH09QC-D3DN***/I,10.5,1.334,9171.0,0.16,2.014808682886057,2.185916391614987,2.605076177777778
719,Gree,7091971,Single,GWH12QC-D3DNA1D/O,GWH12QC-D3DN***/I,11.0,1.276,8800.0,0.21,2.0211797931034483,2.393960104981357,2.9307106999999997
720,Gree,7607465,Single,GWH09UC-D3DNA4C/O,GWH09UC-D3DN***/I,10.5,1.55,10488.0,0.2,1.983051214296774,2.8742673828148146,2.8742673828148146
721,Gree,7607467,Single,GWH12UC-D3DNA4C/O,GWH12UC-D3DN***/I,10.5,1.38,13000.0,0.2,2.760814427536232,3.122888450819672,3.122888450819672
722,Gree,7607469,Single,GWH18UC-D3DNA4C/O,GWH18UC-D3DN***/I,10.5,1.97,19190.0,0.35,2.85483950928934,2.879833562248,2.879833562248
723,Gree,8000864,Single,GWH18QD-D3DNA1G/O,GWH18QD-D3DN***/I,10.5,2.622,16425.0,0.653,1.8358857073798627,2.09602455268274,2.8440583465195877
724,Gree,9084225,Multi,GWHD(24)ND3GO,Non-Ducted Indoor Units,11.0,2.97,18356.0,0.95,1.8113173605791246,3.0227061031390137,2.254392846153846
725,Gree,9084226,Multi,GWHD(30)ND3GO,Non-Ducted Indoor Units,11.5,3.01,19356.0,1.05,1.8846125019667774,3.1260914133333335,3.584756853954717
726,Gree,9084227,Multi,GWHD(36)ND3GO,Non-Ducted Indoor Units,11.5,3.12,21356.0,1.25,2.0060339009358974,2.7320184491525423,3.610961216922222
727,Gree,9114294,Single,GWH18YE-D3DNA1A/O,GWH18AAE-D3DN***/I,12.0,3.1,21500.0,0.32,2.032589679032258,2.1064483156250002,2.309044793939394
728,Gree,9123256,Single,GWH24YE-D3DNA1A/O,GWH24AAE-D3DN***/I,12.0,3.2,22553.0,0.38,2.0655099505343752,2.277196896866864,2.534668713513513
729,Gree,9944775,Single,GWH09YD-D3DNA1A/O,GWH09AAD-D3DN***/I,15.0,0.86,8000.0,0.2,2.089661140324176,2.4056524740280896,2.6571777013333335
730,Gree,9944776,Single,GWH12YD-D3DNA1A/O,GWH12AAD-D3DN***/I,14.0,1.8216,12977.0,0.25,2.7262425116279068,2.6376396300000002,3.4252681306249997
731,Gree,10146838,Single,GWH15QD-D3DNA5G/O,GWH15QD-D3DNA5G/I,11.0,2.622,16425.0,0.653,1.8358857073798627,2.09602455268274,2.8440583465195877
732,Haier,6970203,Single,HSU09VHG(DB)-W,HSU09VHG(DB)-G,10.0,0.75,6000.0,0.27,2.3446658851113718,3.2926069753810085,3.624224401681297
733,Haier,6970204,Single,HSU12VHG(DB)-W,HSU12VHG(DB)-G,10.0,0.88,6930.0,0.271,2.3,2.45,3.71
734,Haier,8021588,Single,1U12ES2VHA,AW12ES2VHA,11.0,1.21,10160.0,0.225,2.46,3.07,3.49
735,Haier,8028490,Single,1U18ES2VHA,AW18ES2VHA,11.0,2.1,14900.0,0.4,2.08,2.13,2.67
736,Haier,8028525,Single,1U24ES2VHA,AW24ES2VHA,10.0,2.8,20500.0,0.55,2.15,2.35,3.09
737,Haier,8028528,Single,1U09ES2VHA,AW09ES2VHA,12.0,1.18,10000.0,0.25,2.48,2.88,3.66
738,Haier,8862047,Single,1U09EH2VHA,AW09EH2VHA,13.0,1.58,12000.0,0.245,2.226,2.981,3.908
739,Haier,8862052,Single,1U12EH2VHA,AW12EH2VHA,12.0,2.152,16500.0,0.225,2.247,3.032,3.85
740,Haier,8862057,Single,1U18EH2VHA,AW18EH2VHA,10.0,3.15,20400.0,0.55,1.898,2.027,2.496
741,Heil,201835653,Single,DLCPRAH09AAK,DLFPHAH09XAK,14.5,1.936,13047.0,0.159,1.9750507491167355,2.106303820027842,2.9483885528326437
742,Heil,201835654,Single,DLCPRAH12AAK,DLFPHAH12XAK,13.6,2.074,12897.0,0.188,1.822438567883317,2.193868957023004,2.8371299731373543
743,Heil,201835667,Single,DLCSRAH09AAJ,DLFSHAH09XAJ,10.5,1.03405777,6880.0,0.151,1.94991906,2.32990328,3.492202
744,Heil,201835668,Single,DLCSRAH12AAJ,DLFSHAH12XAJ,11.0,1.1373379293450685,7800.0,0.17,2.0099165665884,2.3332965957692298,3.508635894112149
745,Heil,201835718,Single,DLCSRAH24AAK,DLFSDAH24XAK,12.0,4.55569796,30000.0,0.458,1.92991989,1.98427017,3.13949989
746,Hisense,201981253,Single,AS-09UW3SXE00,AS-09UW3SXE**00（** indicate panel）,12.5,1.2,9250.0,0.123,2.259089497916667,2.3380946026338147,2.8392630776971792
747,Hisense,201981254,Single,AS-12UW3SXA00,AS-12UW3SXA**00（** indicate panel）,12.0,1.463,12030.0,0.215,2.4098735284347232,2.2986790786712414,3.067060725152919
748,Heil,8177081,Single,DLCAHB09K1A,DLFAHH09K1A,10.3,1.553,10488.0,0.2,1.979,2.885,2.885
749,Keeprite,8177082,Single,DLCAHB09K1A,DLFAHH09K1A,10.3,1.553,10488.0,0.2,1.979,2.885,2.885
750,Tempstar,8177083,Single,DLCAHB09K1A,DLFAHH09K1A,10.3,1.553,10488.0,0.2,1.979,2.885,2.885
751,Day & Night,8177084,Single,DLCAHB09K1A,DLFAHH09K1A,10.3,1.553,10488.0,0.2,1.979,2.885,2.885
752,Arcoaire,8177085,Single,DLCAHB09K1A,DLFAHH09K1A,10.3,1.553,10488.0,0.2,1.979,2.885,2.885
753,Kenmore,8177086,Single,DLCAHB09K1A,DLFAHH09K1A,10.3,1.553,10488.0,0.2,1.979,2.885,2.885
754,Comfortmaker,8177087,Single,DLCAHB09K1A,DLFAHH09K1A,10.3,1.553,10488.0,0.2,1.979,2.885,2.885
755,Heil,8177090,Single,DLCAHB12K1A,DLFAHH12K1A,10.3,1.38,13000.0,0.2,2.76,3.12,3.12
756,Keeprite,8177091,Single,DLCAHB12K1A,DLFAHH12K1A,10.3,1.38,13000.0,0.2,2.76,3.12,3.12
757,Tempstar,8177092,Single,DLCAHB12K1A,DLFAHH12K1A,10.3,1.38,13000.0,0.2,2.76,3.12,3.12
758,Day & Night,8177093,Single,DLCAHB12K1A,DLFAHH12K1A,10.3,1.38,13000.0,0.2,2.76,3.12,3.12
759,Arcoaire,8177094,Single,DLCAHB12K1A,DLFAHH12K1A,10.3,1.38,13000.0,0.2,2.76,3.12,3.12
760,Kenmore,8177095,Single,DLCAHB12K1A,DLFAHH12K1A,10.3,1.38,13000.0,0.2,2.76,3.12,3.12
761,Comfortmaker,8177096,Single,DLCAHB12K1A,DLFAHH12K1A,10.3,1.38,13000.0,0.2,2.76,3.12,3.12
762,Heil,8177099,Single,DLCAHB18K1A,DLFAHH18K1A,10.3,1.97,19190.0,0.35,2.85,2.879,2.879
763,Keeprite,8177100,Single,DLCAHB18K1A,DLFAHH18K1A,10.3,1.97,19190.0,0.35,2.85,2.879,2.879
764,Tempstar,8177101,Single,DLCAHB18K1A,DLFAHH18K1A,10.3,1.97,19190.0,0.35,2.85,2.879,2.879
765,Day & Night,8177102,Single,DLCAHB18K1A,DLFAHH18K1A,10.3,1.97,19190.0,0.35,2.85,2.879,2.879
766,Arcoaire,8177103,Single,DLCAHB18K1A,DLFAHH18K1A,10.3,1.97,19190.0,0.35,2.85,2.879,2.879
767,Kenmore,8177104,Single,DLCAHB18K1A,DLFAHH18K1A,10.3,1.97,19190.0,0.35,2.85,2.879,2.879
768,Comfortmaker,8177105,Single,DLCAHB18K1A,DLFAHH18K1A,10.3,1.97,19190.0,0.35,2.85,2.879,2.879
1036,Keeprite,201835652,Single,DLCPRAH09AAK,DLFPHAH09XAK,14.5,1.936,13047.0,0.159,1.9750507491167355,2.106303820027842,2.9483885528326437
1037,Keeprite,201835655,Single,DLCPRAH12AAK,DLFPHAH12XAK,13.6,2.074,12897.0,0.188,1.822438567883317,2.193868957023004,2.8371299731373543
1038,Keeprite,201835666,Single,DLCSRAH09AAJ,DLFSHAH09XAJ,10.5,1.03405777,6880.0,0.151,1.94991906,2.32990328,3.492202
1039,Keeprite,201835669,Single,DLCSRAH12AAJ,DLFSHAH12XAJ,11.0,1.1373379293450685,7800.0,0.17,2.0099165665884,2.3332965957692298,3.508635894112149
1040,Keeprite,201835719,Single,DLCSRAH24AAK,DLFSDAH24XAK,12.0,4.55569796,30000.0,0.458,1.92991989,1.98427017,3.13949989
1041,Kenmore,201835749,Single,DLCPRAH09AAK,DLFPHAH09XAK,14.5,1.936,13047.0,0.159,1.9750507491167355,2.106303820027842,2.9483885528326437
1042,Kenmore,201835751,Single,DLCPRAH12AAK,DLFPHAH12XAK,13.6,2.074,12897.0,0.188,1.822438567883317,2.193868957023004,2.8371299731373543
1043,Kenmore,201835762,Single,DLCSRAH09AAJ,DLFSHAH09XAJ,10.5,1.03405777,6880.0,0.151,1.94991906,2.32990328,3.492202
1044,Kenmore,201835764,Single,DLCSRAH12AAJ,DLFSHAH12XAJ,11.0,1.1373379293450685,7800.0,0.17,2.0099165665884,2.3332965957692298,3.508635894112149
1045,Kenmore,201835815,Single,DLCSRAH24AAK,DLFSDAH24XAK,12.0,4.55569796,30000.0,0.458,1.92991989,1.98427017,3.13949989
1052,Lennox,8898932,Single,MLA009S4S-1P,MWMA009S4-1P,10.5,1.7,10830.0,0.159,1.8670351106470586,1.956229208292011,3.117407826074074
1053,Lennox,8898934,Single,MLA012S4S-1P,MMDA012S4-1P,10.0,2.031,12341.0,0.189,1.7807927498128997,1.876637532061144,2.948204895076832
1054,Lennox,8898935,Single,MLA012S4S-1P,MWMA012S4-1P,10.0,1.972,12038.0,0.188,1.7890413492190669,1.8320770594441806,2.5399492733333333
1055,Lennox,8898941,Single,MLA024S4S-1P,MWMA024S4-1P,10.0,4.29,26030.0,0.451,1.778237751072261,1.8379549436143188,2.796274429357798
1061,Lg,10570122,Single,LSU120HSV5,LAN120HSV5,11.4,1.47,11930.0,0.2,2.3784611327210885,3.2993554266294414,3.2993554266294414
1062,Lg,10567390,Single,LSU180HSV5,LAN180HSV5,10.2,2.48,19300.0,0.66,2.28,2.59,2.86
1063,Lg,10567394,Single,LSU090HSV5,LSN090HSV5,11.3,1.0,9570.0,0.2,2.8046901399,3.1835563290196074,2.6455478969682535
1064,Lg,10570123,Single,LSU120HSV5,LSN120HSV5,11.4,1.47,11930.0,0.2,2.3784611327210885,3.2993554266294414,3.2993554266294414
1065,Lg,10567391,Single,LSU180HSV5,LSN180HSV5,10.2,2.48,19300.0,0.66,2.280754697983871,2.587829131936759,2.8642910755929645
1066,Lg,10567393,Single,LSU090HSV5,LAN090HSV5,11.3,1.0,9570.0,0.2,2.8046901399,3.1835563290196074,2.6455478969682535
1067,Lg,6233140,Single,LAU120HYV,LAN120HYV,11.5,1.47,13720.0,0.06,2.7353299866666667,2.8623274503333334,3.282692015383838
1068,Lg,8584525,Single,LAU180HYV1,LAN180HYV1,12.5,2.39,19300.0,0.55,2.3666408581589957,2.683281845819672,3.6144254974417667
1069,Lg,8584526,Single,LAU240HYV1,LAN240HYV1,12.0,3.1,23690.0,0.55,2.2396302091290323,2.542113300221519,3.1839819950617283
1070,Lg,5859619,Single,LUU187HV,LCN187HV,10.1,1.47,11271.0,0.74,2.2,2.7,3.6
1071,Lg,6236101,Single,LSU240HSV3,LSN240HSV3,10.2,3.36,24220.0,0.3,2.1,2.4,2.8
1072,Lg,7012586,Single,LSU240HLV,LSN240HLV,11.0,3.36,23690.0,0.3,2.1,2.3,2.8
1073,Lg,7180062,Multi,LMU24CHV,Non-Ducted Indoor Units,10.6,1.65,14595.0,1.092,2.6,3.6,3.3
1074,Lg,7180063,Multi,LMU36CHV,Non-Ducted Indoor Units,10.0,2.6,22057.0,1.127,2.5,3.1,3.2
1075,Lg,7184507,Multi,LMU24CHV,Mixed,10.2,1.7,14109.0,1.171,2.4,3.4,3.1
1076,Lg,7484109,Single,LSU090HSV4,LAN090HSV4,10.8,1.0,9570.0,0.075,2.8,3.2,3.5
1077,Lg,7484110,Single,LSU090HSV4,LSN090HSV4,10.8,1.0,9570.0,0.07,2.8,3.2,3.7
1078,Lg,7484111,Single,LSU120HSV4,LAN120HSV4,11.0,1.41,11670.0,0.08,2.4,2.7,3.4
1079,Lg,7484112,Single,LSU120HSV4,LSN120HSV4,11.0,1.41,11670.0,0.08,2.4,2.7,3.4
1080,Lg,7849625,Single,LAU120HYV1,LAN120HYV1,12.0,1.47,13720.0,0.06,2.7,2.9,4.7
1081,Lg,7947563,Single,LAU090HYV1,LAN090HYV1,12.0,1.14,11220.0,0.07,2.9,3.0,4.5
1082,Lg,8111355,Multi,LMU30CHV,Non-Ducted Indoor Units,10.0,2.42,20622.0,1.043,2.5,3.1,3.2
1083,Lg,8111358,Multi,LMU480HV,Non-Ducted Indoor Units,10.0,4.52,38900.0,1.419,2.5,2.8,3.0
1084,Lg,9680934,Single,LAU180HYV2,LAN180HYV2,12.0,2.79,22600.0,0.38,2.373980710394265,2.6458951530985915,3.460617800738007
1085,Lg,9680935,Single,LAU150HYV2,LAN150HYV2,12.5,2.16,18940.0,0.38,2.569799104537037,2.793500153590909,3.7112517407035175
1087,Lg,10443471,Multi,LMU420HHV,NON- DUCTED INDOOR UNITS,11.0,6.14,45000.0,0.96,2.1479150081433227,2.604786467348754,3.6149793143303572
1088,Lg,10443472,Multi,LMU360HHV,NON- DUCTED INDOOR UNITS,11.5,5.69,41000.0,0.96,2.11175990685413,2.5649354607115384,3.73405271928934
1090,Lg,10443474,Multi,LMU420HHV,DUCTED INDOOR UNITS,10.5,6.38,45000.0,1.07,2.067115697492163,2.5066609497431505,3.345031547401247
1091,Lg,10443475,Multi,LMU360HHV,DUCTED INDOOR UNITS,10.5,5.84,40000.0,1.17,2.007336095890411,2.445931486466165,3.218548358035714
1092,Lg,10444103,Multi,LMU420HHV,MIXED DUCTED AND DUCTLESS,10.75,6.26,45000.0,1.02,2.1067409185303516,2.554781840575916,3.4714740936774193
1093,Lg,10445372,Multi,LMU180HHV,NON- DUCTED INDOOR UNITS,10.0,3.48,22000.0,1.25,1.852748143678161,2.0895701667673716,2.261641697749196
1094,Lg,10445374,Multi,LMU240HHV,NON- DUCTED INDOOR UNITS,10.7,3.63,26000.0,1.26,2.0991316308539947,2.4210218826086956,3.0891274945945946
1095,Lg,10445376,Multi,LMU300HHV,NON- DUCTED INDOOR UNITS,11.0,3.88,28600.0,1.3,2.1602661345360827,2.5097685127371276,3.07454926196319
1097,Lg,10445111,Multi,LMU360HHV,MIXED DUCTED AND DUCTLESS,11.0,5.77,40500.0,1.06,2.0570846334488735,2.5050333283650192,3.459770113776722
1099,Midea,201753970,Single,38MPRAQ09AA3,DHMPHAQ09XA3,15.0,1.936,13047.0,0.159,1.9750507491167355,2.106303820027842,2.9483885528326437
1100,Midea,201753971,Single,38MPRAQ12AA3,DHMPHAQ12XA3,14.0,2.074,12897.0,0.188,1.822438567883317,2.193868957023004,2.8371299731373543
1101,Midea,201753972,Single,DLCPRAH09AAK,DLFPHAH09XAK,14.5,1.936,13047.0,0.159,1.9750507491167355,2.106303820027842,2.9483885528326437
1102,Midea,201755033,Single,DLCPRAH12AAK,DLFPHAH12XAK,13.6,2.074,12897.0,0.188,1.822438567883317,2.193868957023004,2.8371299731373543
1103,Midea,201756545,Single,DLCSRAH09AAJ,DLFSHAH09XAJ,10.5,1.03405777,6880.0,0.151,1.94991906,2.32990328,3.492202
1104,Midea,201756546,Single,DLCSRAH12AAJ,DLFSHAH12XAJ,11.0,1.1373379293450685,7800.0,0.17,2.0099165665884,2.3332965957692298,3.508635894112149
1105,Novair,201786765,Single,09EVONVO,09EVONVI,11.2,1.71,10826.0,0.16,1.8554312303040934,1.9988499923952097,3.273712396740741
1106,Novair,201786767,Single,12EVONVO,12EVONVI,12.0,1.97,12029.0,0.19,1.7895187314873096,1.8613003466122449,3.285652329222222
1107,Novair,201786769,Single,18EVONVO,18EVONVI,10.3,1.43,10274.0,0.24,2.1056029183076923,2.647791765104575,3.3783101523636363
1108,Novair,201786770,Single,24EVONVO,24EVONVI,11.5,2.4,15327.0,0.45,1.8716251207874999,2.176223084906977,3.3449915408377358
1109,Midea,201796612,Single,DLCSRAH24AAK,DLFSDAH24XAK,12.0,4.55569796,30000.0,0.458,1.92991989,1.98427017,3.13949989
1110,Mitsubishi,4217888,Single,MUZ-FE18NA,MSZ-FE18NA,10.3,3.15,21830.0,0.52,2.03,2.31,3.6
1111,Mitsubishi,4908219,Single,MUZ-FE09NA,MSZ-FE09NA,10.0,1.46,10900.0,0.15,2.19,2.12,2.34
1112,Mitsubishi,4934170,Single,MUZ-FE12NA,MSZ-FE12NA,10.5,1.62,13600.0,0.15,2.46,2.24,2.74
1113,Mitsubishi,7451794,Multi,MXZ-3C30NAHZ,Non-Ducted Indoor Units,11.0,4.79,28600.0,0.93,1.75,2.0,4.0
1114,Mitsubishi,7451969,Multi,MXZ-3C24NAHZ,Non-Ducted Indoor Units,10.0,3.82,25000.0,0.93,1.92,2.06,4.25
1115,Mitsubishi,201754291,Single,MUFZ-KJ12NAHZ,MFZ-KJ12NA,12.0,1.81,13000.0,0.27,2.1,2.29,2.8
1116,Mitsubishi Electric,201754292,Single,MUFZ-KJ15NAHZ,MFZ-KJ15NA,11.6,2.83,18000.0,0.7,1.8640562756183747,1.928099144736842,2.1486148826979474
1117,Mitsubishi,201754293,Single,MUFZ-KJ18NAHZ,MFZ-KJ18NA,11.3,3.0,21000.0,0.48,2.05,2.1,2.48
1118,Mitsubishi Electric,201754295,Single,MUZ-FE12NAH,MSZ-FE12NA,10.1,1.59,12500.0,0.15,2.30401784591195,2.341467278835979,2.7353299866666667
1119,Mitsubishi,201754296,Single,MUZ-FH09NA,MSZ-FH09NA,13.5,1.35,10900.0,0.11,2.32,2.48,3.59
1120,Mitsubishi Electric,201754297,Single,MUZ-FH09NAH,MSZ-FH09NAH,12.5,1.17,10900.0,0.11,2.73,2.84,4.15
1121,Mitsubishi,201754298,Single,MUZ-FH12NA,MSZ-FH12NA,12.5,1.8,13600.0,0.28,2.21,2.1,2.68
1122,Mitsubishi Electric,201754299,Single,MUZ-FH12NAH,MSZ-FH12NAH,11.5,1.93,13600.0,0.28,2.07,1.96,2.68
1123,Mitsubishi,201754300,Single,MUZ-FH15NA,MSZ-FH15NA,12.0,2.95,18000.0,0.43,1.79,2.13,2.09
1124,Mitsubishi Electric,201754301,Single,MUZ-FH15NAH,MSZ-FH15NA,11.0,2.98,18300.0,0.61,1.799731738590604,1.7619153613095238,2.0859764394117644
1125,Mitsubishi,201754302,Single,MUZ-FH18NA2,MSZ-FH18NA2,12.0,2.96,20300.0,0.43,2.01,2.12,2.59
1126,Mitsubishi Electric,201754303,Single,MUZ-FH18NAH2,MSZ-FH18NA,11.0,2.98,20900.0,0.85,2.0554313298657716,2.1007749265486724,2.6204001552941176
1127,Mitsubishi Electric,201754311,Single,MUZ-GL12NA-U1,MSZ-GL12NA-U1,12.5,1.02,10200.0,0.11,2.9307106999999997,2.8361716451612904,3.2744360290123455
1128,Mitsubishi Electric,201754313,Single,MUZ-GL15NA-U1,MSZ-GL15NA-U1,11.7,1.57,14100.0,0.2,2.6320395458598727,2.39122664079602,3.0473559019900494
1129,Mitsubishi Electric,201754315,Single,MUZ-GL18NA-U1,MSZ-GL18NA-U1,11.2,1.88,15100.0,0.32,2.3539218920212766,2.480880685581395,2.9307107
1130,Mitsubishi Electric,201754316,Single,MUZ-GL24NA-U1,MSZ-GL24NA-U1,10.0,2.99,20200.0,0.52,1.979945021404682,2.191352073556231,2.9628280775342466
1131,Mitsubishi Electric,201754318,Single,PUZ-A24NHA7,PLA-A24EA7,11.2,1.4,13000.0,0.45,2.7213742214285714,2.5605156642105262,4.105826584541062
1132,Mitsubishi Electric,201754319,Single,PUZ-A36NKA7,PLA-A36EA7,10.4,2.6,21600.0,0.94,2.4347442738461536,2.34456856,4.075822827814569
1135,Mitsubishi Electric,201754324,Single,SUZ-KA12NA,SEZ-KD12NA,10.0,0.9,7400.0,0.34,2.4096954644444444,2.63763963,3.162082597368421
1136,Mitsubishi Electric,201754325,Single,SUZ-KA18NA,SEZ-KD18NA,10.0,1.32,9900.0,0.26,2.198033025,2.4422589166666664,3.394171926976744
1137,Mitsubishi,201754416,Single,MUFZ-KJ09NAHZ,MFZ-KJ09NA,13.0,1.6,11000.0,0.27,2.01,2.11,2.35
1138,Mitsubishi Electric,201754425,Single,MUZ-FE09NAH,MSZ-FE09NA,10.0,1.59,11200.0,0.15,2.7709,2.1243775973544974,2.34456856
1139,Mitsubishi,201754426,Single,MUZ-FH06NA,MSZ-FH06NA,13.5,0.91,8700.0,0.11,2.8,3.13,3.23
1140,Mitsubishi Electric,201754427,Single,MUZ-FH06NAH,MSZ-FH06NAH,12.5,1.04,8700.0,0.11,2.45,2.78,3.23
1141,Mitsubishi Electric,201754444,Multi,PUMY-P36NKMU1,Ducted indoor units,10.5,3.9,30000.0,0.671,2.254392846153846,2.573306956097561,3.599118403508772
1142,Mitsubishi Electric,201754445,Multi,PUMY-P36NKMU1,Non-ducted,11.5,3.695,29000.0,0.62,2.300151834912043,2.700049341932087,3.8952483987341773
1143,Mitsubishi Electric,201754447,Multi,PUMY-P48NKMU1,Non-ducted,11.7,4.849,36400.0,0.784,2.1999973083109916,2.4999119242213848,3.7997209555822327
1144,Mitsubishi,201754490,Single,PUZ-HA36NHA5,PLA-A36BA*,10.0,5.79,38000.0,1.19,1.92,2.12,3.14
1145,Mitsubishi Electric,201754637,Multi,MXZ-8C60NA,Non-ducted,10.5,8.1,57000.0,1.053,2.062351974074074,1.999960057742782,3.41140928042328
1146,Mitsubishi Electric,201754640,Multi,PUMY-P60NKMU1,Non-ducted,11.4,8.353,57000.0,1.027,1.9998863869268526,2.299845412290233,3.49777407233273
1147,Mitsubishi Electric,201754642,Multi,MXZ-2C20NA2,Non-ducted,10.0,1.6,11100.0,0.67,2.033180548125,2.595772334285714,3.0441190570264767
1148,Mitsubishi Electric,201754648,Single,MUZ-GL09NA-U1,MSZ-GL09NA-U1,12.8,0.85,8000.0,0.23,2.7583159529411763,2.8201178433962264,3.7278640104
1149,Mitsubishi,201754904,Multi,MXZ-3C24NAHZ2,Non-Ducted Indoor Units,10.0,3.82,25000.0,0.93,1.92,2.06,4.25
1150,Mitsubishi,201754908,Multi,MXZ-3C30NAHZ2,Non-Ducted Indoor Units,11.0,4.79,28600.0,0.93,1.75,2.0,4.0
1151,Mitsubishi,201754911,Multi,MXZ-4C36NAHZ,Non-Ducted Indoor Units,11.3,5.46,45000.0,1.09,2.41,2.78,3.95
1152,Mitsubishi,201754926,Multi,MXZ-5C42NAHZ,Non-Ducted Indoor Units,11.0,5.61,48000.0,1.17,2.51,2.89,4.1
1153,Mitsubishi,201755020,Multi,MXZ-4C36NAHZ,Mixed,10.7,6.21,45000.0,1.3,2.16,2.47,3.48
1154,Mitsubishi Electric,201755026,Multi,PUMY-P36NKMU1,Mixed,11.0,3.798,29000.0,0.646,2.237772783043707,2.633929869620253,3.7413328085106383
1159,Ouellet,9085568,Single,OTP-C09000-E,OTP-C09000-I,10.5,1.334,9171.0,0.16,2.014808682886057,2.185916391614987,2.605076177777778
1160,Ouellet,9085569,Single,OTP-C12000-E,OTP-C12000-I,11.0,1.35,8800.0,0.2,1.910389197037037,2.3702719782874073,2.8221658592592593
1161,Ouellet,9085570,Single,OTP-C18000-E,OTP-C18000-I,10.5,2.6,16500.0,0.58,1.8598740980769228,2.141673203846154,2.648911594230769
1162,Ouellet,9085571,Single,OTP-C24000-E,OTP-C24000-I,10.0,3.3,20000.0,0.45,1.7761883030303032,2.0189340377777776,2.9990939496666664
1163,Panasonic,7958198,Single,CS-E9RKUA,CU-E9RKUAW,11.0,1.32,8300.0,0.2,1.8439527237181197,2.1,2.76
1164,Panasonic,7958199,Single,CS-E12RKUA,CU-E12RKUAW,11.0,1.51,9100.0,0.2,1.7672991396554738,2.14,2.79
1165,Panasonic,7958200,Single,CS-E18RKUA,CU-E18RKUAW,10.0,1.32,10100.0,0.38,2.243846085488314,2.6,3.57
1166,Panasonic,8860533,Single,CU-XE9SKUA,CS-XE9SKUA,14.0,1.73,11000.0,0.15,1.86,2.34,3.21
1167,Panasonic,8861565,Single,CU-XE12SKUA,CS-XE12SKUA,12.5,1.99,12500.0,0.15,1.84,2.2,3.2
1168,Panasonic,9125308,Single,CU-E9SD3UA,CS-E9SD3UAW,10.0,1.11,7800.0,0.25,2.0607117381310927,2.36,3.53
1169,Panasonic,9125309,Single,CU-E12SD3UA,CS-E12SD3UAW,10.0,1.52,9600.0,0.25,1.8521376755672172,2.24,3.39
1170,Panasonic,9571162,Single,CU-XE15SKUA,CS-XE15SKUA,12.0,2.32,15700.0,0.2,1.98,2.1,2.65
1171,Panasonic,10221199,Multi,CU-3E19RBU-5,Non-Ducted Indoor Unit,10.5,2.64,18900.0,0.32,2.1,2.1402479806554506,3.61
1172,Panasonic,201900210,Single,CU-XE12SKUA-1,CS-XE12SKUA-1,12.5,1.99,12500.0,0.15,1.8408986809045227,2.1986191671400004,3.2098260047619047
1173,Panasonic,201900302,Single,CU-XE15SKUA-1,CS-XE15SKUA-1,12.0,2.55,17200.0,0.2,1.9767930996078429,2.099958060629921,2.654228558490566
1174,Payne,201753410,Single,38MPRAQ09AA3,DHMPHAQ09XA3,15.0,1.936,13047.0,0.159,1.9750507491167355,2.106303820027842,2.9483885528326437
1175,Payne,201753413,Single,38MPRAQ12AA3,DHMPHAQ12XA3,14.0,2.074,12897.0,0.188,1.822438567883317,2.193868957023004,2.8371299731373543
1176,Samsung,8677407,Single,AR09KSWSJWKX,AR09KSWSJWKN,10.5,1.71,10560.000000000002,0.19,1.8098423971929827,2.2816125523703708,3.8950090593548388
1177,Samsung,10298668,Multi,AJ030MCS4CH/AA,Non-ducted,11.0,4.65,28600.0,0.45,1.802544645591398,2.0954581505000003,4.010446221052632
1178,Samsung,10298670,Multi,AJ024MCS4CH/AA,Non-ducted,10.0,4.0,25000.0,0.45,1.8316941875,2.1237034057971016,4.003703142076502
1179,Samsung,10348192,Multi,AJ020MCS3CH/AA,Non-ducted,10.0,3.3,22000.0,0.45,1.9538071333333333,2.223297772413793,4.004697850931677
1180,Samsung,8203107,Single,AC030JXSCCH/AA,AC030JN4DCH/AA,10.1,5.02,32000.0,0.9,1.8681821195219122,1.998211840909091,3.431528351265823
1181,Samsung,8203116,Single,AC036JXSCCH/AA,AC036JN4DCH/AA,10.4,6.6,40000.0,1.02,1.7761883030303032,1.9189177202380954,3.2098260047619047
1184,Samsung,8677405,Single,AR09KSWDHWKX,AR09KSWDHWKN,12.0,1.81,11088.000000000002,0.17,1.7953436597569064,2.2704002947988826,4.2260848294
1185,Samsung,8677406,Single,AR12KSWDHWKX,AR12KSWDHWKN,11.5,1.92,11968.000000000002,0.17,1.826809669666667,2.287022834276042,4.204136762478238
1186,Samsung,8677410,Single,AR24KSWSJWKX,AR24KSWSJWKN,10.7,3.89,23760.000000000004,0.48,1.7900690548071982,2.150866899671875,3.0802367561224484
1187,Samsung,201993481,Single,AR18NSWSPWKX,AR18NSWSPWKN,10.0,2.92,21040.0,0.38,2.1117175728767124,2.190088327319277,2.9658390816780824
1188,Samsung,202022716,Single,AR24NSWSPWKX,AR24NSWSPWKN,10.0,3.97,27150.0,0.48,2.004251775944584,2.191164171796875,2.511814450613333
1189,Samsung,8717080,Single,AC009KXADCH,AC009KNLDCH,10.5,1.62,10700.0,0.25,1.9357163265432098,2.283670675324675,2.7353299866666663
1190,Samsung,9035283,Single,AR09KSWSPWKX,AR09KSWSPWKN,10.5,1.96,12500.0,0.17,1.8690757015306123,2.5153768523312885,4.472047438518518
1191,Samsung,9035284,Single,AR12KSWSPWKX,AR12KSWSPWKN,10.0,2.25,14200.0,0.17,1.849604086222222,2.498816491578947,4.149322365635738
1192,Samsung,10103172,Single,AR09MSWXCWKX,AR09MSWXCWKN,10.0,1.6116000000000001,9680.000000000002,0.16,1.760317670389675,2.1941149625668444,3.677181863898117
1193,Tempstar,201835748,Single,DLCPRAH09AAK,DLFPHAH09XAK,14.5,1.936,13047.0,0.159,1.9750507491167355,2.106303820027842,2.9483885528326437
1194,Tempstar,201835750,Single,DLCPRAH12AAK,DLFPHAH12XAK,13.6,2.074,12897.0,0.188,1.822438567883317,2.193868957023004,2.8371299731373543
1195,Tempstar,201835763,Single,DLCSRAH09AAJ,DLFSHAH09XAJ,10.5,1.03405777,6880.0,0.151,1.94991906,2.32990328,3.492202
1196,Tempstar,201835765,Single,DLCSRAH12AAJ,DLFSHAH12XAJ,11.0,1.1373379293450685,7800.0,0.17,2.0099165665884,2.3332965957692298,3.508635894112149
1197,Tempstar,201835814,Single,DLCSRAH24AAK,DLFSDAH24XAK,12.0,4.55569796,30000.0,0.458,1.92991989,1.98427017,3.13949989
1198,Carrier,6960758,Single,RAS-09EAV-UL,RAS-09EKV-UL,10.0,0.895,6519.0,0.17,2.13,2.69,3.42
1199,Carrier,6960762,Single,RAS-15EAV-UL,RAS-15EKV-UL,10.0,1.215,8752.0,0.143,2.11,2.6,3.32
1200,Carrier,6960764,Single,RAS-17EAV-UL,RAS-17EKV-UL,10.0,1.221,8572.0,0.15,2.06,2.59,3.3
1201,Trane/Mitsubishi Electric,202102774,Single,MUFZ-KJ09NAHZ,MFZ-KJ09NA,13.0,1.6,11000.0,0.27,2.01,2.11,2.35
1202,Trane/Mitsubishi Electric,202102775,Single,MUFZ-KJ12NAHZ,MFZ-KJ12NA,12.0,1.81,13000.0,0.27,2.1,2.29,2.8
1203,Trane/Mitsubishi Electric,202102776,Single,MUFZ-KJ15NAHZ,MFZ-KJ15NA,11.6,2.83,18000.0,0.7,1.8640562756183747,1.928099144736842,2.1486148826979474
1204,Trane/Mitsubishi Electric,202102777,Single,MUFZ-KJ18NAHZ,MFZ-KJ18NA,11.3,3.0,21000.0,0.48,2.05,2.1,2.48
1205,Trane/Mitsubishi Electric,202102780,Single,MUZ-FH06NA,MSZ-FH06NA,13.5,0.91,8700.0,0.11,2.8,3.13,3.23
1206,Trane/Mitsubishi Electric,202102781,Single,MUZ-FH06NAH,MSZ-FH06NAH,12.5,1.04,8700.0,0.11,2.45,2.78,3.23
1207,Trane/Mitsubishi Electric,202102782,Single,MUZ-FH09NA,MSZ-FH09NA,13.5,1.35,10900.0,0.11,2.32,2.48,3.59
1208,Trane/Mitsubishi Electric,202102783,Single,MUZ-FH09NAH,MSZ-FH09NAH,12.5,1.17,10900.0,0.11,2.73,2.84,4.15
1209,Trane/Mitsubishi Electric,202102784,Single,MUZ-FH12NA,MSZ-FH12NA,12.5,1.8,13600.0,0.28,2.21,2.1,2.68
1210,Trane/Mitsubishi Electric,202102785,Single,MUZ-FH12NAH,MSZ-FH12NAH,11.5,1.93,13600.0,0.28,2.07,1.96,2.68
1211,Trane/Mitsubishi Electric,202102786,Single,MUZ-FH15NA,MSZ-FH15NA,12.0,2.95,18000.0,0.43,1.79,2.13,2.09
1212,Trane/Mitsubishi Electric,202102787,Single,MUZ-FH15NAH,MSZ-FH15NA,11.0,2.98,18300.0,0.61,1.799731738590604,1.7619153613095238,2.0859764394117644
1213,Trane/Mitsubishi Electric,202102788,Single,MUZ-FH18NA2,MSZ-FH18NA2,12.0,2.96,20300.0,0.43,2.01,2.12,2.59
1214,Trane/Mitsubishi Electric,202102789,Single,MUZ-FH18NAH2,MSZ-FH18NA,11.0,2.98,20900.0,0.85,2.0554313298657716,2.1007749265486724,2.6204001552941176
1215,Trane/Mitsubishi Electric,202102790,Single,MUZ-GL09NA-U1,MSZ-GL09NA-U1,12.8,0.85,8000.0,0.23,2.7583159529411763,2.8201178433962264,3.7278640104
1216,Trane/Mitsubishi Electric,202102791,Single,MUZ-GL12NA-U1,MSZ-GL12NA-U1,12.5,1.02,10200.0,0.11,2.9307106999999997,2.8361716451612904,3.2744360290123455
1217,Trane/Mitsubishi Electric,202102792,Single,MUZ-GL15NA-U1,MSZ-GL15NA-U1,11.7,1.57,14100.0,0.2,2.6320395458598727,2.39122664079602,3.0473559019900494
1218,Trane/Mitsubishi Electric,202102793,Single,MUZ-GL18NA-U1,MSZ-GL18NA-U1,11.2,1.88,15100.0,0.32,2.3539218920212766,2.480880685581395,2.9307107
1219,Trane/Mitsubishi Electric,202102794,Single,MUZ-GL24NA-U1,MSZ-GL24NA-U1,10.0,2.99,20200.0,0.52,1.979945021404682,2.191352073556231,2.9628280775342466
1220,Trane/Mitsubishi Electric,202102758,Multi,MXZ-2C20NA2,Non-Ducted Indoor Units,10.0,1.6,11100.0,0.67,2.033180548125,2.595772334285714,3.0441190570264767
1221,Trane/Mitsubishi Electric,202102761,Multi,MXZ-3C24NAHZ2,Non-Ducted Indoor Units,10.0,3.82,25000.0,0.93,1.92,2.06,4.25
1222,Trane/Mitsubishi Electric,202102763,Multi,MXZ-3C30NAHZ2,Non-Ducted Indoor Units,11.0,4.79,28600.0,0.93,1.75,2.0,4.0
1223,Trane/Mitsubishi Electric,202102765,Multi,MXZ-4C36NAHZ,Non-Ducted Indoor Units,11.3,5.46,45000.0,1.09,2.41,2.78,3.95
1224,Trane/Mitsubishi Electric,202102872,Multi,MXZ-4C36NAHZ,Mixed,10.7,6.21,45000.0,1.3,2.16,2.47,3.48
1225,Trane/Mitsubishi Electric,202102767,Multi,MXZ-5C42NAHZ,Non-Ducted Indoor Units,11.0,5.61,48000.0,1.17,2.51,2.89,4.1
1226,Trane/Mitsubishi Electric,202102770,Multi,MXZ-8C60NA-U*,Non-Ducted Indoor Units,10.5,8.1,57000.0,1.053,2.062351974074074,1.999960057742782,3.41140928042328
1227,Trane/Mitsubishi Electric,202102755,Multi,PUMY-P36NKMU*,Ducted indoor units,10.5,3.9,30000.0,0.671,2.254392846153846,2.573306956097561,3.599118403508772
1228,Trane/Mitsubishi Electric,202102771,Multi,PUMY-P36NKMU*,Non-Ducted Indoor Units,11.5,3.695,29000.0,0.62,2.300151834912043,2.700049341932087,3.8952483987341773
1229,Trane/Mitsubishi Electric,202102878,Multi,PUMY-P36NKMU*,Mixed,11.0,3.798,29000.0,0.646,2.237772783043707,2.633929869620253,3.7413328085106383
1230,Trane/Mitsubishi Electric,202102772,Multi,PUMY-P48NKMU*,Non-Ducted Indoor Units,11.7,4.849,36400.0,0.784,2.1999973083109916,2.4999119242213848,3.7997209555822327
1231,Trane/Mitsubishi Electric,202102773,Multi,PUMY-P60NKMU*,Non-Ducted Indoor Units,11.4,8.353,57000.0,1.027,1.9998863869268526,2.299845412290233,3.49777407233273
1232,Trane/Mitsubishi Electric,202102812,Single,PUZ-A24NHA7***,PLA-A24EA7,11.2,1.4,13000.0,0.45,2.7213742214285714,2.5605156642105262,4.105826584541062
1233,Trane/Mitsubishi Electric,202102822,Single,PUZ-A36NKA7***,PLA-A36EA7,10.4,2.6,21600.0,0.94,2.4347442738461536,2.34456856,4.075822827814569
1235,Trane/Mitsubishi Electric,202102837,Single,PUZ-HA36NHA5,PLA-A36BA*,10.0,5.79,38000.0,1.19,1.92,2.12,3.14
1237,Trane/Mitsubishi Electric,202102846,Single,SUZ-KA12NA,SEZ-KD12NA,10.0,0.9,7400.0,0.34,2.4096954644444444,2.63763963,3.162082597368421
1238,Trane/Mitsubishi Electric,202102853,Single,SUZ-KA18NA,SEZ-KD18NA,10.0,1.32,9900.0,0.26,2.198033025,2.4422589166666664,3.394171926976744
1259,Trane,7151531,Single,4TXK2709A10N0AA,4MXW2709A10N0AA,10.0,1.095,8000.0,0.1,2.141158502283105,2.4736350115698684,2.579025416
1260,Trane,7151533,Single,4TXK2712A10NAA,4MXW2712A10N0AA,10.0,1.131,8300.0,0.1,2.150742600353669,2.5244735732673265,3.0392555407407404
1261,Trane,7151535,Single,4TXK2718A10N0AA,4MXW2718A10N0AA,10.0,2.29,15400.0,0.4,1.970870951091703,2.2435331638832685,2.7199339864559997
1270,Trane,9150121,Single,4TXK3809A10NUAA,4MXW3809A10NUAA,15.0,1.72,12210.0,0.2,2.0804638166860463,2.402110843462358,2.6571777013333335
1271,Trane,9150123,Single,4TXK3812A10NUAA,4MXW3812A10NUAA,14.0,1.789,13304.0,0.25,2.179439639619899,2.6376396300000002,3.4252681306249997
1272,Trane,9150125,Single,4TXK3818A10NUAA,4MXW3818A10NUAA,12.0,3.3,20634.0,0.35,1.8324934722363637,2.083058989846154,2.8603736432
1273,Trane,9150127,Single,4TXK3824A10NUAA,4MXW3824A10NUAA,12.0,3.175,24233.0,0.38,2.2368476344283463,2.2765233692428275,2.5663520724324322
